{"expected_shd": 7.04, "expected_edges": 10.0, "fpr": [0.0, 0.05263157894736842, 0.10526315789473684, 0.10526315789473684, 0.3157894736842105, 0.3157894736842105, 0.47368421052631576, 0.47368421052631576, 0.5263157894736842, 0.5263157894736842, 0.7368421052631579, 0.7368421052631579, 1.0], "tpr": [0.0, 0.0, 0.0, 0.3333333333333333, 0.3333333333333333, 0.5, 0.5, 0.6666666666666666, 0.6666666666666666, 0.8333333333333334, 0.8333333333333334, 1.0, 1.0], "roc_auc": 0.6228070175438597, "precision": [0.24, 0.3, 0.2631578947368421, 0.2777777777777778, 0.29411764705882354, 0.3125, 0.3333333333333333, 0.2857142857142857, 0.3076923076923077, 0.25, 0.2727272727272727, 0.3, 0.3333333333333333, 0.25, 0.2857142857142857, 0.3333333333333333, 0.4, 0.5, 0.3333333333333333, 0.0, 0.0, 1.0], "recall": [1.0, 1.0, 0.8333333333333334, 0.8333333333333334, 0.8333333333333334, 0.8333333333333334, 0.8333333333333334, 0.6666666666666666, 0.6666666666666666, 0.5, 0.5, 0.5, 0.5, 0.3333333333333333, 0.3333333333333333, 0.3333333333333333, 0.3333333333333333, 0.3333333333333333, 0.16666666666666666, 0.0, 0.0, 0.0], "prc_auc": 0.2908248184563974, "ave_prec": 0.35128205128205126}